snp_relative_pos,mean_base_A_pred_peak,mean_base_T_pred_peak,mean_base_C_pred_peak,mean_base_G_pred_peak
175,-0.20665653011177954,0.0,-0.33727613021354413,0.0995143571052622
176,-0.8698560880261986,0.24543556927447033,0.0,-0.47036327682295864
177,0.0,0.008610435277796513,0.09637551316731996,-0.4775211473150399
178,-0.6423042898904179,0.0,0.46569746371367443,-1.0212633115101801
179,-0.1534498320668868,0.0,0.03369365413390379,0.13490590961390683
180,0.10983711511593648,0.0,0.34488853962364,-0.06721095016048277
181,0.0,0.359740274377078,0.13689226713983937,-0.2771264781662138
182,0.11951197030968427,0.45012709989352906,0.08292343303425888,0.0
183,-0.18030892306168605,-0.3836272533496306,0.0,0.10697168767790102
184,0.0,-0.1935634128047554,-0.18491549676674057,-0.31289334068088226
185,0.0,-0.04689556901013098,0.03350198857882586,-0.3878775194155423
186,0.0,0.05778774099196936,0.029230735144890472,-0.1119660766352519
187,0.059512267255771155,0.12878208969986205,0.7079433679666962,0.0
188,-0.2022462576007801,-0.2927365224216204,0.0,-0.3806261956464323
189,0.48353724227101086,0.0,0.6746753143107578,-0.36297924725878994
190,-0.23502156209424124,0.0,-0.20435059515626228,-0.11172519101783725
191,0.10655864653188711,0.0,0.4907318299825703,0.15767060571969202
192,0.0,0.06449598292640489,0.3217710008316417,-0.20413379553975497
193,0.44693740921499614,0.0,0.04034284415423775,-0.18943759556772555
194,-0.14087546589277802,0.0,-0.42313278967920614,0.14606418485255332
195,-0.07809617096835607,-0.15751487512083126,0.23651261794369846,0.0
196,0.0,-0.14227098753986323,0.05457724471245747,-0.5208186873764339
197,0.0,-0.23454745354809406,0.09355344680990432,-0.22281818464706812
198,-0.05313396211345444,0.0,0.6790754902197901,-0.4123941930955326
199,-0.12766583756372663,-0.28452323562767834,0.0,-0.10010146110256703
200,0.08203213084012811,0.0,-0.08630240152984374,-0.7148897052135473
201,0.47009299116373304,0.5370042900172675,0.7359323276140126,0.0
202,0.9415328320960619,0.036479160976642756,0.0,0.1278378607195292
203,0.8106643283304981,0.0,-0.5357796908212881,-0.4702959558671761
204,0.5420427048079195,1.0053032599646325,0.10183841119507883,0.0
205,0.7539322178214921,-0.2351232595475303,-0.730694456349412,0.0
206,0.7594535267961463,0.20430324518588355,0.2986826864620487,0.0
207,-0.19305113545289324,0.1077125243077288,0.0,-0.3275925923921927
208,0.9224223892520554,-0.32543795442687357,0.0,0.14890780877698995
209,0.28647591697615027,-0.1130784329927985,0.0,-0.9751737961824327
210,0.5935583967120199,-0.061716316526702814,0.0,0.30384653831774966
211,0.0,-0.4928094278914201,-0.11373034827003703,-0.7466617602751584
212,0.0,0.8208565900420888,0.4537915054805401,-0.2676962459155837
213,0.43968460598518033,-0.37235616826229634,0.4570662281440977,0.0
214,0.04072249787757078,0.5190301862004988,-0.6235355949103252,0.0
215,0.32997001587609204,0.3418903981780258,0.4273754135410652,0.0
216,0.0,-0.8163641648347782,-0.848160572504428,0.06252602472429357
217,0.0,-0.23290219942157694,-0.54656442908675,-0.7263404252837922
218,-0.6495133783883638,-0.4401134284063385,0.49202593115287085,0.0
219,0.6436436746138209,1.2245397552894688,0.898850855277662,0.0
220,1.06971222692069,-0.36976507560888827,0.0,-0.26482392431721435
221,0.0,-0.49624562967686914,0.33879516252838227,-0.15385321285199868
222,1.488978944837081,-0.7864168217627504,1.045547960091262,0.0
223,-0.29361539971717043,-0.16420631420067805,0.0,-0.5537423299636453
224,0.501248178111328,-0.7753458844357376,-0.7138461417449584,0.0
225,-0.2571787048798067,0.0,-0.42789417989117823,-1.0658665178832758
226,-0.12844991018237675,-0.9578557405316166,-0.533047512379073,0.0
227,0.0,-0.3612128600304355,-0.24059616669655776,-0.7155401433391991
228,-0.027008782800896945,0.008898048949352597,0.0,-0.045244797426071945
229,-0.5575219593466157,0.0,-0.3963587861418158,-1.5322420497181148
230,-0.04527646681319618,-0.4661626112091712,0.0,0.26379104146661375
231,0.0,-1.1130781558077185,-1.3224859190690368,-0.844803287273304
232,0.47995868243112244,-0.36037710631415903,0.6060328785973592,0.0
233,0.0,-1.081606478274505,0.03694707777764741,-1.6328674631896136
234,0.0,0.2155179671137081,0.17001628525594145,-0.078828292962871
235,-0.2942542845373979,0.04923724976487916,0.6195539244696423,0.0
236,0.7122279568296638,-1.176613970440462,0.0,-0.6884382912363521
237,0.0,-0.35888255972924815,-0.47162676950625065,-0.5187661960654153
238,0.5683556282854424,0.8501581895951955,-0.021008613328694987,0.0
239,0.28160208347865434,-0.04538788141027793,0.0,0.14581671221026463
240,-0.8248188111067194,-1.0647544754174822,0.0,-1.5305885916542312
241,-1.5304240843758132,-0.40176290827465216,0.0,-0.7201617326214256
242,0.9149117878782533,0.0,-1.4666490025073824,-0.25063785525206633
243,0.5685172894907132,0.0,0.2251816432081082,0.35593507304635674
244,0.4670271296796178,-0.2795330128493874,-0.05561373104846596,0.0
245,0.8302145068373977,0.0,-0.6589751871339692,-0.35591662780059347
246,0.6997066196721112,0.0,0.13312843999474988,0.4330227387272217
247,-0.4869886293977648,-1.014603821699714,0.0,-1.0372415382806401
248,0.5121181609552493,0.0,-0.38189345096691185,-0.9394967532030355
249,0.22922359732463668,-0.07738109385948205,0.0,-0.2861068736881691
250,1.3503547572240946,-0.5768461946560042,-1.0265466710419078,0.0
251,0.3932458147357419,0.7183032992665387,0.5571768302471125,0.0
252,0.5121793984610108,0.07758239382568625,-0.2432904437197799,0.0
253,0.0,-0.3949942442807073,-0.6048922125597626,-1.3262372552535557
254,0.0,-0.7998312881600492,-0.9844632826544887,-0.08238989666011866
255,0.44843213953755046,-0.6364123625857206,-0.5927211040198554,0.0
256,-0.6195746032554763,-0.1524274817586431,0.0,-1.2800450762217295
257,-0.9257516256284855,-0.3246556663038795,0.0,-1.4819815918930825
258,0.0,-0.5651662904046175,-1.5729426792215035,-1.390890905977255
259,-1.23150901541035,-0.7332835850150953,0.0,-1.9619156675564495
260,0.0,-0.9096742590960364,0.23441278391493667,-0.45135151571685217
261,0.2929749371293792,-0.2894299666909922,0.8160448451702104,0.0
262,1.0005121170506976,0.0,-0.17172482462256683,0.36500802534932736
263,0.6047957495938933,-0.13112156144042428,0.0,-0.11753803493122103
264,0.8338376975165441,0.5541225262597211,0.0,-0.44124903047211156
265,-0.8663251029288197,0.08723235314126972,0.0,-1.4146423335422986
266,0.0,-0.8404638253510164,-0.941072778544691,-1.4134022945167892
267,-0.28513298590093383,0.07492078459717186,0.0,-1.0690826849165003
268,0.10118528672444169,0.0,-0.7139655075642485,-0.07409296691722361
269,-0.043929549998842334,-0.3499011429658722,-1.5263741011912202,0.0
270,0.16339782667179334,-0.6333291158700206,-1.1043851131130409,0.0
271,-0.3288535874858054,0.16272252911382287,-0.08703529193141517,0.0
272,0.1869968556430069,-0.43611856752224015,-0.4596597372380748,0.0
273,0.0,-0.18982306988951775,-0.5449840003743742,-0.7261120595934524
274,0.4533143781813334,-0.8337126980856107,-0.8972390235485825,0.0
275,-0.5986702268708312,0.0,-1.6228952042559086,-0.31476921075418096
276,0.31826709202032866,-0.8974819684911017,-0.6469601111276932,0.0
277,0.0,-1.472356434450837,-2.5499548233722735,-1.8284045728117102
278,-0.21706396255517563,-3.150502300591543,-1.0755592671184604,0.0
279,-0.7147752870078051,-2.1864188936873394,0.0,-1.5383489533251986
280,-1.4310757721582414,0.10581006481984666,0.0,-2.245083243959982
281,0.0,-0.8915667641579632,-1.7405445207099004,-1.3978299968926478
282,-0.2472378803408681,0.9391251801082792,0.49748679883866437,0.0
283,0.5760692073579797,-1.7331836697440244,-1.7153892459000362,0.0
284,-1.0771955302490177,0.0,-1.4737982733116983,-0.5693178249849846
285,0.4227947460489123,-0.8579996420730427,-0.5272341109865211,0.0
286,0.4150161849256266,-0.7691864923602786,0.0,0.47329640564603953
287,-1.5567635039587924,-0.4325100262664769,0.0,-1.6924484714494155
288,-2.7114040217590976,-1.6413556000028755,0.0,-3.9528243263755125
289,-1.2666681362886878,-0.15694986524280113,0.0,-1.170127950487451
290,0.4789600047791821,-0.21140741657721013,0.0,-0.7245535565724724
291,0.0,-0.8538514072306677,-0.9893807597432858,-1.2210316341836724
292,0.1386079057452944,0.9895104640415087,0.2150907614892252,0.0
293,1.2270152161637775,1.2215482783580054,2.5030496535381546,0.0
294,1.4650007077869864,0.07373329771535389,0.0,1.3582239354561039
295,0.0,0.6591897685823701,0.05805381742907203,-0.6920617874128749
296,1.2220384232331236,1.0663802647976561,0.5488709325970884,0.0
297,0.0,-0.5191361636479038,-0.8946902587469983,0.306732028526719
298,0.3889844134234946,0.19686234119587276,0.8075425647769865,0.0
299,1.0228525961679746,0.5566173722732412,1.2870813429714207,0.0
300,1.9096983638607432,0.9792255998100051,0.0,0.7057031166412835
301,-0.12818538315025163,0.2696870092161689,0.0,-0.8234764110104114
302,1.219432069710584,2.069940294976484,0.7344966730536664,0.0
303,-0.8105723410882113,-0.15639568090047132,0.0,-1.5714975887957052
304,0.0,-0.44152600700689426,-1.014123951986493,-0.6318491001934494
305,0.0,-0.08377888076462985,-0.6007695788391006,-0.5512043532451393
306,0.05614897289376257,-0.009978018572292238,-0.8453867580943886,0.0
307,0.0,-1.0532537017627772,-1.137964498290501,0.24175820922149063
308,-0.3520673021118863,-0.9340325203130246,0.7025035821809643,0.0
309,-0.17332964241653928,-0.3295141183611601,0.0,0.06892631631902638
310,-0.8064930520599928,-0.6467934845804836,0.0,-1.2584311817731473
311,0.0,-1.588520367154766,-2.6248878359005294,-1.103098649609279
312,-0.33595609504300056,-0.7757032907174258,-0.825083119399809,0.0
313,-0.6065125700067721,-1.597134634392279,-1.715658033825034,0.0
314,0.0,-4.578247408139858,-3.1173419654706254,-0.9789176537213169
315,-0.8839811384704821,-0.9053069665896608,-1.3911180122989355,0.0
316,0.0,-3.139937685620604,-3.4068933140340167,-0.8421234731610346
317,-1.3700864246145141,-1.4263392323794497,-0.5543270677787654,0.0
318,0.05255992522417766,-3.1438276920028527,-3.267709365061334,0.0
319,-0.43384873103947674,-2.200207471487196,-1.1907056416143698,0.0
320,-3.455798435279565,0.8788417338905792,-4.48017654421554,0.0
321,-2.4535840298736993,0.0,-3.744938851375049,-6.175111023810499
322,-5.290363254622603,-2.7875430596368136,0.0,-7.1462919512029455
323,-3.1646272727613733,0.0,-0.23312824573623364,-5.2206738134603565
324,2.2445618444071314,1.6442355376539863,0.0,2.9360309036634185
325,1.8008253171708135,0.7709813844148689,0.0,1.719388420533041
